mpc_x,0.0438009,0.0876018,0.141401,0.205194,0.278969,0.362708,0.456418,0.560146,0.673924,0.797725,
mpc_y,0,2.05095e-39,0.000385101,0.00140269,0.00334907,0.00656934,0.0107172,0.014582,0.0168896,0.0170977,
mpc_x,0.4818,0.973387,1.47216,1.97457,2.47669,2.99225,3.52705,4.07741,4.6392,5.21017,
mpc_y,0,0.0145007,0.0695172,0.167112,0.309057,0.439491,0.526285,0.566172,0.56264,0.531752,
mpc_x,0.322543,0.655021,0.996624,1.34619,1.70237,2.06361,2.43955,2.8291,3.23093,3.64347,
mpc_y,0,0.00656449,0.0319188,0.0776428,0.145285,0.236343,0.307102,0.355469,0.379357,0.376714,
mpc_x,0.195803,0.401592,0.617171,0.842236,1.07641,1.31921,1.57237,1.83678,2.11211,2.39789,
mpc_y,0,0.00246636,0.0123072,0.0305511,0.0582608,0.0965283,0.133243,0.160366,0.176569,0.180487,
mpc_x,0.139178,0.288351,0.447444,0.616329,0.794836,0.982747,1.18066,1.38917,1.60812,1.83728,
mpc_y,0,0.00127077,0.00650637,0.016467,0.0319568,0.0538221,0.0762118,0.0929488,0.103009,0.105323,
mpc_x,0.196937,0.403859,0.620567,0.846754,1.08203,1.32593,1.58046,1.8462,2.12278,2.40971,
mpc_y,0,0.0024943,0.012442,0.0308769,0.0588669,0.0975085,0.132532,0.157787,0.171939,0.173624,
mpc_x,0.275437,0.560834,0.855676,1.15921,1.47053,1.78898,2.12042,2.46414,2.81925,3.18464,
mpc_y,0,0.0048118,0.0235609,0.0576331,0.108417,0.175514,0.227126,0.261496,0.27685,0.271415,
mpc_x,0.359549,0.729009,1.10727,1.49276,1.88369,2.28453,2.69999,3.12845,3.568,4.01661,
mpc_y,0,0.00813186,0.0393707,0.0954357,0.177977,0.262006,0.320432,0.350969,0.351388,0.322278,
mpc_x,0.478249,0.966288,1.46158,1.96063,2.46817,2.99157,3.52877,4.07702,4.63473,5.20144,
mpc_y,0,0.0142898,0.0685219,0.164751,0.269584,0.340976,0.374526,0.376911,0.352458,0.310656,
mpc_x,0.618596,1.24674,1.87904,2.51943,3.17531,3.84358,4.52217,5.21039,5.9079,6.61463,
mpc_y,0,0.0237941,0.113277,0.21611,0.275838,0.29664,0.292211,0.269738,0.230784,0.179287,
mpc_x,0.753283,1.51576,2.28344,3.0654,3.85868,4.66164,5.47405,6.2959,7.12713,7.9677,
mpc_y,0,0.0351791,0.128058,0.173548,0.175734,0.152921,0.115166,0.0667364,0.00817871,-0.0593538,
mpc_x,0.910669,1.83083,2.76149,3.70151,4.6503,5.60818,6.57547,7.55232,8.53871,9.53457,
mpc_y,0,0.0305595,0.0351833,0.000173979,-0.059452,-0.132604,-0.213615,-0.300044,-0.391992,-0.489998,
mpc_x,1.04456,2.09835,3.15845,4.227,5.30526,6.39336,7.49143,8.59951,9.71754,10.8454,
mpc_y,0,0.0401475,-0.0571193,-0.170547,-0.287281,-0.405986,-0.525497,-0.645439,-0.76649,-0.889805,
mpc_x,1.20369,2.41551,3.63207,4.85806,6.09405,7.34016,8.59647,9.86294,11.1395,12.4259,
mpc_y,0,-0.0671955,-0.199028,-0.336679,-0.474805,-0.612367,-0.748781,-0.884148,-1.01948,-1.15651,
mpc_x,1.32557,2.65866,3.99902,5.34917,6.70941,8.07986,9.46054,10.8514,12.2524,13.6633,
mpc_y,0,-0.0814227,-0.199766,-0.320998,-0.441498,-0.560151,-0.676515,-0.790867,-0.904466,-1.01955,
mpc_x,1.44467,2.89895,4.35783,5.82804,7.30917,8.80086,10.3029,11.8153,13.3379,14.8705,
mpc_y,0,-0.0340761,-0.164207,-0.278777,-0.381277,-0.475727,-0.56407,-0.647612,-0.727672,-0.806005,
mpc_x,1.60298,3.21537,4.8336,6.46334,8.10398,9.75514,11.4167,13.0884,14.7704,16.4624,
mpc_y,0,-0.0436222,-0.167604,-0.270359,-0.358122,-0.43561,-0.505238,-0.568603,-0.627253,-0.683279,
mpc_x,1.72925,3.46777,5.21408,6.97151,8.73956,10.518,12.3066,14.1055,15.9144,17.7334,
mpc_y,0,-0.0507416,-0.152054,-0.232207,-0.297447,-0.351891,-0.39777,-0.436694,-0.470435,-0.501615,
mpc_x,1.85259,3.71477,5.58592,7.46777,9.35998,11.2624,13.1749,15.0975,17.0301,18.9727,
mpc_y,0,-0.0395924,-0.113095,-0.165998,-0.204028,-0.230737,-0.248161,-0.257928,-0.262062,-0.26379,
mpc_x,1.97326,3.95637,5.94908,7.95216,9.96538,11.9886,14.0219,16.0651,18.1182,20.1813,
mpc_y,0,-0.0242461,-0.0712208,-0.0982989,-0.110485,-0.110802,-0.101099,-0.0830368,-0.0589226,-0.0326527,
mpc_x,2.09217,4.19428,6.30635,8.42852,10.5607,12.7027,14.8546,17.0163,19.1879,21.3695,
mpc_y,0,-0.0159215,-0.0358017,-0.0381174,-0.026349,-0.00259995,0.0316449,0.0747377,0.12402,0.174722,
mpc_x,2.22377,4.45752,6.70126,8.9549,11.2184,13.4916,15.7746,18.0673,20.3698,22.6824,
mpc_y,0,-0.0106408,0.00141966,0.0267735,0.0644996,0.11391,0.174097,0.243455,0.318828,0.394192,
mpc_x,2.34269,4.69539,7.05781,9.43005,11.812,14.2037,16.6051,19.0161,21.4369,23.8677,
mpc_y,0,-0.00180528,0.0340476,0.0803116,0.138012,0.207463,0.288146,0.378419,0.47464,0.569609,
mpc_x,2.45924,4.92845,7.40712,9.89559,12.3937,14.9015,17.4189,19.9458,22.4825,25.0292,
mpc_y,0,0.0103228,0.063234,0.125291,0.198748,0.284503,0.38223,0.490175,0.604218,0.716067,
mpc_x,2.59275,5.19544,7.80728,10.4289,13.0602,15.701,18.3514,21.0112,23.6808,26.3605,
mpc_y,0,0.0171265,0.0861003,0.162562,0.2503,0.350938,0.464386,0.588739,0.719258,0.846254,
mpc_x,2.70545,5.42084,8.1451,10.8792,13.6229,16.3761,19.1387,21.9108,24.6926,27.4847,
mpc_y,0,0.0191246,0.0998592,0.186585,0.284461,0.395752,0.520567,0.656849,0.79928,0.936868,
mpc_x,2.81678,5.64347,8.47885,11.3241,14.1789,17.0431,19.9167,22.7998,25.6925,28.5955,
mpc_y,0,0.0227112,0.112024,0.206768,0.313047,0.433542,0.568452,0.715529,0.868878,1.01626,
mpc_x,2.92673,5.86334,8.80854,11.7636,14.7281,17.7021,20.6854,23.678,26.6803,29.693,
mpc_y,0,0.0267722,0.121807,0.222526,0.335605,0.463948,0.607756,0.764556,0.92789,1.08432,
mpc_x,3.05329,6.11646,9.1881,12.2695,15.3605,18.4608,21.5703,24.6891,27.8176,30.9565,
mpc_y,0,0.0276021,0.128523,0.235291,0.355327,0.491835,0.645025,0.812148,0.986047,1.15179,
mpc_x,3.16032,6.3305,9.50912,12.6975,15.8954,19.1025,22.3188,25.5443,28.7795,32.0252,
mpc_y,0,0.0295678,0.133723,0.244611,0.369951,0.513026,0.67398,0.849803,1.03276,1.20672,
mpc_x,3.26602,6.54189,9.82617,13.1202,16.4236,19.7363,23.058,26.3889,29.7294,33.0805,
mpc_y,0,0.0311775,0.138101,0.252862,0.383382,0.532982,0.701711,0.88629,1.0784,1.26072,
mpc_x,3.38769,6.78524,10.1901,13.6051,17.0298,20.464,23.9074,27.3601,30.8227,34.296,
mpc_y,0,0.030302,0.17028,0.304939,0.44728,0.603463,0.775091,0.959559,1.14831,1.32237,
mpc_x,3.49057,6.991,10.4987,14.0165,17.5441,21.081,24.6271,28.1826,31.7478,35.3239,
mpc_y,0,0.0321677,0.175424,0.312978,0.458895,0.619797,0.79736,0.98866,1.18423,1.36314,
mpc_x,3.60898,7.22769,10.8541,14.4906,18.1366,21.7919,25.4563,29.1299,32.8132,36.5075,
mpc_y,0,0.0441974,0.180741,0.315631,0.462072,0.626197,0.809345,1.0082,1.21261,1.40025,
mpc_x,3.70912,7.42794,11.1548,14.8916,18.6379,22.3934,26.1579,29.9315,33.7147,37.5089,
mpc_y,0,0.0466805,0.175709,0.306745,0.452203,0.617776,0.804509,1.00874,1.21974,1.414,
mpc_x,3.80803,7.62586,11.4518,15.2876,19.1329,22.9872,26.8505,30.7229,34.6048,38.4977,
mpc_y,0,0.0382508,0.164217,0.294024,0.440205,0.608465,0.799722,1.00996,1.22762,1.42751,
mpc_x,3.92187,7.85359,11.7936,15.7433,19.7023,23.6704,27.6473,31.633,35.6283,39.6346,
mpc_y,0,0.034249,0.156946,0.286897,0.436225,0.610373,0.810007,1.03068,1.26001,1.47105,
mpc_x,4.01814,8.04612,12.0825,16.1285,20.1837,24.2479,28.3206,32.4022,36.4931,40.595,
mpc_y,0,0.0363488,0.155993,0.287014,0.440654,0.621888,0.831064,1.06339,1.30588,1.53037,
mpc_x,4.12895,8.26774,12.415,16.5717,20.7376,24.9121,29.0951,33.2867,37.4877,41.6995,
mpc_y,0,0.0364978,0.156219,0.291358,0.452556,0.644441,0.867069,1.11522,1.37508,1.6168,
mpc_x,4.22266,8.45518,12.696,16.9463,21.2056,25.4734,29.7495,34.0341,38.3278,42.6325,
mpc_y,0,0.0342482,0.15825,0.300049,0.470335,0.673706,0.910064,1.17379,1.45017,1.7075,
mpc_x,4.3152,8.64027,12.9735,17.3161,21.6675,26.0273,30.3952,34.7714,39.1566,43.5529,
mpc_y,0,0.0338478,0.164824,0.315659,0.497285,0.714363,0.966665,1.24814,1.54312,1.81781,
mpc_x,4.42172,8.85328,13.2928,17.7413,22.1983,26.6633,31.1362,35.6169,40.1065,44.6069,
mpc_y,0,0.0379941,0.17927,0.348206,0.553091,0.79715,1.07937,1.39331,1.72327,2.03582,
mpc_x,4.51179,9.03341,13.5625,18.1006,22.647,27.2014,31.7633,36.3329,40.9114,45.5009,
mpc_y,0,0.039556,0.19619,0.379727,0.600014,0.86095,1.16159,1.495,1.84405,2.17234,
mpc_x,4.61547,9.24071,13.8729,18.514,23.1633,27.8202,32.4845,37.1563,41.837,46.5289,
mpc_y,0,0.0456603,0.22089,0.42233,0.661595,0.943327,1.26665,1.62396,1.99649,2.34418,
mpc_x,4.70313,9.41603,14.1352,18.8632,23.5994,28.3431,33.0938,37.852,42.6191,47.3977,
mpc_y,0,0.0474093,0.241704,0.460227,0.716793,1.017,1.3601,1.73786,2.12973,2.49183,
mpc_x,4.78972,9.58916,14.3942,19.2082,24.0301,28.8593,33.6954,38.5388,43.3911,48.2554,
mpc_y,0,0.0520075,0.264634,0.499893,0.773639,1.09234,1.45535,1.85376,2.26521,2.64197,
mpc_x,4.87523,9.7601,14.6499,19.5487,24.4554,29.3691,34.2895,39.2169,44.1534,49.1022,
mpc_y,0,0.0588383,0.288338,0.539397,0.829688,1.16643,1.54902,1.96787,2.39884,2.79037,
mpc_x,4.95967,9.92892,14.9025,19.8851,24.8753,29.8725,34.876,39.8866,44.9061,49.9385,
mpc_y,0,0.064211,0.310183,0.576483,0.882698,1.23684,1.63834,2.07688,2.52642,2.93133,
mpc_x,5.05686,10.1232,15.1932,20.2722,25.3588,30.452,35.5513,40.6574,45.7727,50.9013,
mpc_y,0,0.0704684,0.334078,0.616944,0.940738,1.31433,1.73712,2.19793,2.66846,3.08831,
mpc_x,5.13905,10.2876,15.4391,20.5998,25.7679,30.9425,36.123,41.3102,46.5066,51.7169,
mpc_y,0,0.0727753,0.35079,0.645675,0.981786,1.36918,1.80746,2.28454,2.76969,3.19705,
mpc_x,5.22022,10.4499,15.682,20.9232,26.1718,31.4266,36.687,41.9539,47.2302,52.5208,
mpc_y,0,0.0767663,0.36717,0.674485,1.0245,1.42782,1.88394,2.37997,2.88322,3.32369,
mpc_x,5.30037,10.6101,15.922,21.2428,26.5708,31.9047,37.2441,42.5898,47.9448,53.3146,
mpc_y,0,0.0814418,0.38262,0.701379,1.06466,1.48348,1.95719,2.47209,2.99361,3.44778,
mpc_x,5.39264,10.7946,16.1982,21.6106,27.0301,32.4552,37.8854,43.3216,48.7673,54.2282,
mpc_y,0,0.085052,0.398351,0.730101,1.10857,1.54523,2.03924,2.57593,3.1185,3.58823,
mpc_x,5.47065,10.9506,16.4317,21.9217,27.4184,32.9205,38.4274,43.9401,49.4624,55.0005,
mpc_y,0,0.0873343,0.410922,0.753813,1.14538,1.59746,2.10903,2.66458,3.22533,3.70845,
mpc_x,5.5477,11.1047,16.6624,22.2288,27.8018,33.3799,38.9626,44.5508,50.1486,55.7627,
mpc_y,0,0.0901353,0.423586,0.777533,1.1823,1.65004,2.17949,2.75432,3.33379,3.83105,
mpc_x,5.63638,11.282,16.9257,22.5799,28.2417,33.9094,39.5822,45.261,50.9502,56.6569,
mpc_y,0,0.093585,0.472155,0.843444,1.24951,1.70991,2.22769,2.78754,3.34456,3.79792,
mpc_x,5.71136,11.4319,17.1505,22.8795,28.6158,34.3576,40.1039,45.856,51.6184,57.3991,
mpc_y,0,0.0962423,0.478318,0.855413,1.27127,1.74601,2.28245,2.86386,3.44212,3.90949,
mpc_x,5.7854,11.5797,17.373,23.1761,28.986,34.8009,40.6197,46.4435,52.2774,58.13,
mpc_y,0,0.112089,0.487346,0.865586,1.28963,1.77906,2.33607,2.94303,3.54998,4.04539,
mpc_x,5.85853,11.726,17.5927,23.4689,29.3514,35.2383,41.1285,47.0232,52.9277,58.8515,
mpc_y,0,0.11228,0.484553,0.866169,1.29986,1.80497,2.38322,3.01587,3.6506,4.17104,
mpc_x,5.94271,11.8945,17.8455,23.8055,29.7713,35.7408,41.7128,47.6885,53.6738,59.6792,
mpc_y,0,0.103653,0.47755,0.867341,1.31613,1.84322,2.44978,3.11563,3.78543,4.33634,
mpc_x,6.01389,12.0369,18.0591,24.0898,30.1258,36.1647,42.2052,48.2488,54.3014,60.3749,
mpc_y,0,0.10227,0.47823,0.877393,1.34246,1.89237,2.52772,3.22726,3.9334,4.51873,
mpc_x,6.09581,12.2007,18.3046,24.4165,30.5328,36.6511,42.7699,48.8907,55.0199,61.1708,
mpc_y,0,0.104988,0.486175,0.899947,1.38821,1.96932,2.64319,3.38734,4.14178,4.77412,
mpc_x,6.16509,12.3392,18.5076,24.6861,30.8708,37.0586,43.2477,49.4388,55.6384,61.8602,
mpc_y,0,0.107385,0.562603,1.01496,1.51784,2.09954,2.76821,3.50689,4.25604,4.87374,
mpc_x,6.23349,12.4761,18.7122,24.9583,31.21,37.4638,43.7176,49.9726,56.2361,62.524,
mpc_y,0,0.107835,0.573776,1.0392,1.56206,2.17242,2.87793,3.65867,4.44792,5.08841,
mpc_x,6.31221,12.6329,18.9483,25.2727,31.6013,37.9303,44.2574,50.5837,56.9176,63.2778,
mpc_y,0,0.137174,0.598689,1.074,1.62118,2.26996,3.02697,3.86993,4.72714,5.43086,
mpc_x,6.37877,12.766,19.1478,25.5379,31.9311,38.3231,44.7114,51.0972,57.4898,63.9108,
mpc_y,0,0.14008,0.605376,1.09481,1.66755,2.35347,3.15836,4.05759,4.97441,5.73045,
mpc_x,6.44453,12.8978,19.3445,25.7987,32.255,38.7084,45.1561,51.5995,58.0494,64.5303,
mpc_y,0,0.126281,0.606433,1.11837,1.72372,2.45303,3.31129,4.27116,5.24982,6.05598,
mpc_x,6.50946,13.0277,19.5383,26.0556,32.5733,39.0862,45.591,52.0893,58.5932,65.1307,
mpc_y,0,0.126508,0.622076,1.16059,1.80457,2.58455,3.50457,4.53488,5.58761,6.46085,
mpc_x,6.58418,13.1769,19.7623,26.3518,32.9388,39.5174,46.084,52.6407,59.2012,65.7976,
mpc_y,0,0.141075,0.638936,1.2096,1.91021,2.76685,3.77948,4.91442,6.07969,7.06849,
mpc_x,6.64737,13.3032,19.9494,26.5985,33.243,39.8767,46.4953,53.1015,59.7105,66.3583,
mpc_y,0,0.143793,0.674439,1.28861,2.04379,2.96569,4.05312,5.2702,6.52064,7.58887,
mpc_x,6.70977,13.4281,20.1329,26.8394,33.5394,40.2259,46.8944,53.5482,60.2046,66.9041,
mpc_y,0,0.138436,0.718113,1.38663,2.20422,3.19727,4.3636,5.66442,6.99742,8.13429,
mpc_x,6.77138,13.5511,20.3129,27.0752,33.8289,40.5659,47.282,53.9808,60.682,67.4309,
mpc_y,0,0.150007,0.783361,1.51117,2.3962,3.46535,4.71539,6.10473,7.52521,8.7362,
mpc_x,6.84228,13.6924,20.5183,27.3437,34.158,40.9524,47.7218,54.471,61.2228,68.0295,
mpc_y,0,0.171513,0.877588,1.67848,2.64314,3.80102,5.14866,6.64108,8.16147,9.44933,
mpc_x,6.90221,13.8119,20.6906,27.568,34.4319,41.2726,48.0852,54.8754,61.669,68.5244,
mpc_y,0,0.187776,0.962219,1.83249,2.87229,4.11233,5.54802,7.13077,8.73602,10.0868,
mpc_x,6.96137,13.9297,20.8594,27.7869,34.6987,41.5842,48.4384,55.2683,62.1031,69.0074,
mpc_y,0,0.206981,1.05481,1.99727,3.11355,4.43599,5.95892,7.62994,9.31624,10.723,
mpc_x,7.02944,14.0652,21.0504,28.0331,34.9977,41.9325,48.8328,55.7069,62.5885,69.5498,
mpc_y,0,0.227711,1.16676,2.1953,3.40033,4.81663,6.43738,8.2054,9.97747,11.4357,
mpc_x,7.08695,14.1795,21.21,28.2375,35.245,42.2201,49.158,56.0687,62.9896,69.9994,
mpc_y,0,0.248673,1.26673,2.36814,3.64708,5.14064,6.84104,8.687,10.5261,12.0201,
mpc_x,7.13486,14.273,21.3355,28.3943,35.4314,42.4338,49.3967,56.3317,63.2804,70.3281,
mpc_y,0,0.274574,1.37613,2.55213,3.90483,5.47393,7.25075,9.16975,11.0691,12.5893,
mpc_x,7.15147,14.3037,21.3696,28.4317,35.4715,42.4751,49.4383,56.3737,63.326,70.3845,
mpc_y,0,0.293745,1.45664,2.68442,4.08595,5.70315,7.52679,9.48841,11.4196,12.9457,
mpc_x,7.13559,14.2689,21.306,28.3457,35.3624,42.3352,49.2508,56.1172,62.9886,69.99,
mpc_y,0,0.31051,1.51978,2.74205,4.13455,5.77628,7.68238,9.7912,11.9111,13.578,
mpc_x,7.08379,14.16,21.1374,28.1134,35.0618,41.9615,48.799,55.5837,62.3733,69.2994,
mpc_y,0,0.333328,1.54628,2.78766,4.21458,5.90333,7.86507,10.034,12.2147,13.9383,
mpc_x,7.00291,13.9985,20.8925,27.7827,34.643,41.4519,48.1962,54.8863,61.5815,68.4161,
mpc_y,0,0.325762,1.53918,2.7892,4.2322,5.94207,7.92715,10.1195,12.3233,14.0723,
mpc_x,6.70045,13.3943,19.9862,26.5877,33.167,39.6972,46.1577,52.5522,58.9398,65.4709,
mpc_y,0,0.296724,1.49437,2.66125,3.98993,5.58471,7.47752,9.61448,11.7994,13.536,
mpc_x,6.37525,12.7431,19.0274,25.3196,31.5909,37.8155,43.9751,50.0733,56.1634,62.3802,
mpc_y,0,0.307552,1.39284,2.47226,3.71919,5.22456,7.01338,9.03371,11.1073,12.7914,
mpc_x,6.10164,12.1968,18.2194,24.2495,30.2596,36.226,42.1322,47.9817,53.8232,59.7784,
mpc_y,0,0.281729,1.28791,2.30058,3.47932,4.9059,6.60087,8.51463,10.4834,12.1056,
mpc_x,5.82211,11.6412,17.397,23.1607,28.9058,34.611,40.2614,45.8603,51.4516,57.1438,
mpc_y,0,0.244457,1.1791,2.12766,3.2369,4.58048,6.17557,7.97565,9.83142,11.3814,
mpc_x,5.80306,11.6053,17.3294,23.0687,28.7918,34.4739,40.0963,45.66,51.2116,56.8737,
mpc_y,0,0.246818,1.26772,2.25991,3.39408,4.76215,6.39381,8.24774,10.1684,11.7639,
mpc_x,5.8249,11.651,17.3977,23.1515,28.8819,34.562,40.1724,45.7147,51.2402,56.8828,
mpc_y,0,0.259853,1.2785,2.30585,3.50678,4.96704,6.70995,8.68834,10.7422,12.4762,
mpc_x,5.85756,11.7145,17.4944,23.2714,29.0151,34.6968,40.296,45.8154,51.3104,56.9263,
mpc_y,0,0.296695,1.30703,2.37827,3.66254,5.23564,7.11279,9.24099,11.4585,13.3742,
mpc_x,5.85385,11.7046,17.4722,23.2299,28.9467,34.5929,40.1477,45.6153,51.0546,56.6182,
mpc_y,0,0.268002,1.29662,2.41802,3.77604,5.43891,7.41531,9.64786,11.9743,14.0095,
mpc_x,5.82618,11.6494,17.386,23.1076,28.7822,34.3797,39.8797,45.2878,50.6643,56.1647,
mpc_y,0,0.265476,1.30949,2.47161,3.88646,5.61519,7.66132,9.96508,12.3665,14.4913,
mpc_x,5.77475,11.5445,17.2242,22.8836,28.4901,34.0135,39.4344,44.7597,50.0502,55.4624,
mpc_y,0,0.278724,1.34466,2.55243,4.02568,5.81776,7.92702,10.2922,12.7578,14.9654,
mpc_x,5.71967,11.4343,17.0515,22.6444,28.1794,33.6267,38.968,44.2114,49.4188,54.7467,
mpc_y,0,0.291116,1.39564,2.65571,4.18735,6.03802,8.2022,10.6177,13.1331,15.4033,
mpc_x,5.68277,11.3607,16.9277,22.4716,27.9527,33.3311,38.5788,43.6986,48.7615,53.9627,
mpc_y,0,0.287375,1.43935,2.72635,4.29581,6.21719,8.49669,11.0726,13.7801,16.2307,
mpc_x,5.64502,11.2848,16.7998,22.2841,27.6972,32.9992,38.1641,43.1982,48.1754,53.2936,
mpc_y,0,0.298806,1.50618,2.86848,4.5252,6.53707,8.90286,11.5571,14.3371,16.8669,
mpc_x,5.51472,11.0209,16.3992,21.7455,27.0195,32.1838,37.2153,42.1218,46.9746,51.9611,
mpc_y,0,0.307335,1.52211,2.89678,4.56031,6.566,8.90884,11.5245,14.2588,16.7601,
mpc_x,5.23049,10.4527,15.5427,20.6213,25.6444,30.5738,35.3821,40.071,44.7039,49.461,
mpc_y,0,0.294835,1.52045,2.83138,4.37532,6.22544,8.39478,10.8334,13.3973,15.7429,
mpc_x,4.97667,9.94547,14.7906,19.626,24.4114,29.1129,33.708,38.1996,42.6446,47.2003,
mpc_y,0,0.279713,1.4445,2.68939,4.14952,5.88938,7.91838,10.1896,12.5718,14.7561,
mpc_x,4.7877,9.57127,14.2374,18.8929,23.5002,28.0288,32.4593,36.796,41.0915,45.488,
mpc_y,0,0.295385,1.42235,2.63259,4.04962,5.72986,7.67884,9.85105,12.125,14.2186,
mpc_x,4.81782,9.63188,14.315,18.9844,23.6005,28.1321,32.5605,36.892,41.1825,45.5791,
mpc_y,0,0.314095,1.49581,2.76893,4.25667,6.01263,8.03868,10.2862,12.6321,14.7932,
mpc_x,4.86461,9.72598,14.4396,19.1364,23.775,28.3237,32.7644,37.1054,41.4061,45.8191,
mpc_y,0,0.324469,1.56988,2.91174,4.4743,6.30918,8.41513,10.7407,13.1606,15.3896,
mpc_x,4.89025,9.77441,14.48,19.1882,23.8468,28.4137,32.8598,37.1862,41.4573,45.8578,
mpc_y,0,0.338059,1.69792,3.07834,4.64939,6.49696,8.64161,11.0393,13.554,15.8544,
mpc_x,4.87855,9.74762,14.4344,19.1153,23.7405,28.2689,32.6742,36.9609,41.1957,45.5617,
mpc_y,0,0.350592,1.71076,3.11267,4.71953,6.60812,8.79075,11.2184,13.7551,16.0779,
mpc_x,4.85342,9.69411,14.36,19.0131,23.606,28.0995,32.47,36.7242,40.9282,45.2598,
mpc_y,0,0.382204,1.71989,3.123,4.74277,6.6465,8.84003,11.2718,13.8086,16.1403,
mpc_x,4.60078,9.18992,13.628,18.0579,22.4362,26.73,30.9203,35.0138,39.0669,43.2283,
mpc_y,0,0.326932,1.55126,2.8392,4.32468,6.06589,8.06646,10.2796,12.586,14.7115,
mpc_x,4.35785,8.70581,12.9214,17.1387,21.3164,25.4239,29.4423,33.3751,37.2714,41.2642,
mpc_y,0,0.293344,1.4223,2.5835,3.91312,5.47422,7.27687,9.28142,11.3771,13.305,
mpc_x,4.1757,8.34499,12.4035,16.4603,20.4804,24.4375,28.3161,32.1203,35.8931,39.7487,
mpc_y,0,0.281119,1.31496,2.39485,3.6388,5.0994,6.78257,8.65066,10.6032,12.41,
mpc_x,4.21422,8.4278,12.5296,16.6231,20.6741,24.6573,28.5582,32.3829,36.1756,40.0511,
mpc_y,0,0.290281,1.33442,2.4491,3.74281,5.26079,7.00357,8.93039,10.9407,12.8091,
mpc_x,4.29691,8.59257,12.7701,16.9338,21.0491,25.0909,29.0458,32.9213,36.7641,40.692,
mpc_y,0,0.301761,1.3802,2.54866,3.90962,5.50311,7.32539,9.33271,11.423,13.3707,
mpc_x,4.37469,8.74766,12.9933,17.2209,21.3957,25.4926,29.4996,33.4257,37.3193,41.3004,
mpc_y,0,0.306673,1.42791,2.65175,4.07655,5.73846,7.63047,9.70656,11.8636,13.8761,
mpc_x,4.45273,8.9026,13.2132,17.5027,21.7359,25.8884,29.9494,33.9295,37.8787,41.9178,
mpc_y,0,0.315033,1.48925,2.7737,4.26346,5.99146,7.94797,10.0853,12.2997,14.3667,
mpc_x,4.50762,9.01089,13.355,17.6833,21.9596,26.1598,30.2733,34.3106,38.3205,42.4215,
mpc_y,0,0.326934,1.58451,2.92981,4.46204,6.21811,8.19187,10.3386,12.5566,14.6227,
mpc_x,4.55682,9.10677,13.4919,17.8607,22.177,26.4176,30.5733,34.6559,38.7145,42.8657,
mpc_y,0,0.360736,1.6502,3.02783,4.59148,6.37602,8.37341,10.5378,12.7676,14.8411,
mpc_x,4.607,9.20666,13.6326,18.0436,22.4031,26.6884,30.8912,35.0243,39.1373,43.3453,
mpc_y,0,0.36871,1.6935,3.10042,4.68906,6.49417,8.507,10.681,12.9138,14.9833,
mpc_x,4.64687,9.28586,13.7435,18.1889,22.585,26.9098,31.156,35.3368,39.5019,43.7637,
mpc_y,0,0.366701,1.71884,3.14389,4.74369,6.55349,8.56435,10.7294,12.9461,14.9922,
mpc_x,4.67174,9.33407,13.8141,18.2841,22.7077,27.0636,31.3456,35.5674,39.7773,44.0836,
mpc_y,0,0.373548,1.73384,3.15987,4.75375,6.55045,8.54084,10.6782,12.8605,14.8682,
mpc_x,4.68414,9.35755,13.8659,18.3563,22.7963,27.1679,31.4677,35.7114,39.9464,44.2735,
mpc_y,0,0.380748,1.68557,3.08484,4.66668,6.45531,8.43429,10.5533,12.7118,14.7016,
mpc_x,4.69525,9.37987,13.9043,18.4136,22.8773,27.2791,31.6166,35.9049,40.1886,44.5603,
mpc_y,0,0.379218,1.67335,3.05387,4.60605,6.35324,8.27942,10.3357,12.4247,14.3458,
mpc_x,4.70202,9.39519,13.9276,18.4493,22.9308,27.3566,31.7248,36.0503,40.3754,44.7866,
mpc_y,0,0.353968,1.64636,3.01055,4.53321,6.23881,8.11246,10.1065,12.1253,13.9726,
mpc_x,4.73026,9.45333,14.0123,18.5712,23.0993,27.5809,32.013,36.4088,40.8078,45.2918,
mpc_y,0,0.360705,1.67596,3.02716,4.51045,6.15814,7.96146,9.87675,11.8096,13.5616,
mpc_x,4.76613,9.52476,14.1245,18.7271,23.3025,27.8356,32.3239,36.7804,41.2433,45.7903,
mpc_y,0,0.366188,1.67014,3.00041,4.4547,6.06602,7.82596,9.69092,11.5664,13.2545,
mpc_x,4.81954,9.63248,14.2945,18.961,23.603,28.2062,32.7685,37.303,41.8466,46.4729,
mpc_y,0,0.376103,1.66219,2.96965,4.39612,5.97429,7.69547,9.51572,11.3401,12.9709,
mpc_x,4.87871,9.75147,14.4818,19.2179,23.9319,28.6107,33.2527,37.8706,42.5002,47.211,
mpc_y,0,0.372781,1.63521,2.91483,4.30883,5.84938,7.52735,9.29828,11.0667,12.6351,
mpc_x,4.95171,9.89863,14.7147,19.5373,24.3404,29.1121,33.8514,38.5709,43.3047,48.1169,
mpc_y,0,0.363977,1.59006,2.83138,4.18305,5.67579,7.29958,9.00934,10.7094,12.2033,
mpc_x,5.01775,10.0318,14.9264,19.8272,24.7106,29.5655,34.3917,39.2015,44.0272,48.9282,
mpc_y,0,0.356239,1.54393,2.74815,4.06057,5.50984,7.08481,8.73986,10.3796,11.8105,
mpc_x,5.09019,10.1782,15.1532,20.1384,25.1103,30.058,34.9804,39.8888,44.8134,49.8112,
mpc_y,0,0.344384,1.50919,2.6749,3.93708,5.32839,6.84114,8.43172,10.0043,11.3602,
mpc_x,5.16981,10.3389,15.4061,20.4827,25.5471,30.5895,35.6091,40.6169,45.6419,50.7375,
mpc_y,0,0.333224,1.45459,2.58001,3.80199,5.15131,6.61914,8.16111,9.68083,10.9802,
mpc_x,5.25008,10.4998,15.6602,20.8283,25.9851,31.1216,36.2375,41.3434,46.4668,51.6572,
mpc_y,0,0.329167,1.39896,2.48037,3.66051,4.9672,6.39013,7.88436,9.35409,10.6042,
mpc_x,5.34253,10.6873,15.9514,21.223,26.4846,31.7285,36.9546,42.1734,47.4107,52.7117,
mpc_y,0,0.28857,1.31126,2.34791,3.48213,4.73963,6.10881,7.544,8.94929,10.1313,
mpc_x,5.42073,10.8433,16.1995,21.5604,26.9113,32.2453,37.563,42.8741,48.2029,53.5909,
mpc_y,0,0.297067,1.25279,2.2381,3.32788,4.54315,5.87016,7.26288,8.6274,9.77702,
mpc_x,5.49795,10.9981,16.4416,21.8886,27.3263,32.7487,38.1567,43.5594,48.9793,54.4538,
mpc_y,0,0.292165,1.19556,2.13819,3.18747,4.36086,5.64338,6.98955,8.30832,9.42071,
mpc_x,5.57432,11.1525,16.6791,22.2092,27.7311,33.2398,38.7362,44.2291,49.7393,55.3011,
mpc_y,0,0.26149,1.12943,2.03875,3.05292,4.18745,5.42661,6.72515,7.99364,9.05767,
mpc_x,5.66226,11.3297,16.9395,22.5619,28.1844,33.8012,39.4121,45.0239,50.6543,56.3327,
mpc_y,0,0.234584,1.13879,2.02785,2.97869,4.01865,5.14197,6.31072,7.43858,8.34692,
mpc_x,5.73658,11.4781,17.1705,22.8746,28.5791,34.2788,39.9735,45.6699,51.3846,57.145,
mpc_y,0,0.240775,1.09817,1.94445,2.85411,3.8531,4.93486,6.06097,7.14489,8.00832,
mpc_x,5.82207,11.6481,17.4373,23.2361,29.0351,34.8297,40.62,46.412,52.221,58.072,
mpc_y,0,0.265446,1.04959,1.8372,2.69514,3.64562,4.68064,5.76211,6.80597,7.64057,
mpc_x,5.89445,11.7939,17.6627,23.5404,29.4184,35.2929,41.1638,47.0369,52.9265,58.8556,
mpc_y,0,0.24397,0.977161,1.72027,2.53642,3.44587,4.43976,5.47992,6.48318,7.28063,
mpc_x,5.96598,11.9385,17.884,23.8382,29.7932,35.7453,41.6948,47.6471,53.6157,59.622,
mpc_y,0,0.203962,0.898487,1.60578,2.38682,3.26064,4.21776,5.21969,6.18343,6.94117,
mpc_x,6.04837,12.1037,18.1379,24.1797,30.2223,36.2625,42.3006,48.3416,54.398,60.4891,
mpc_y,0,0.192783,0.835192,1.50174,2.24697,3.08678,4.01058,4.98048,5.91621,6.65697,
mpc_x,6.11801,12.243,18.3468,24.4597,30.5755,36.6911,42.8065,48.9259,55.06,61.2262,
mpc_y,0,0.192995,0.840118,1.49624,2.21618,3.01837,3.89583,4.81493,5.70037,6.39766,
mpc_x,6.19822,12.404,18.592,24.7888,30.9888,37.1891,43.3897,49.5946,55.814,62.0641,
mpc_y,0,0.174307,0.786724,1.41106,2.10066,2.87305,3.72067,4.60946,5.46369,6.1285,
mpc_x,6.26606,12.5396,18.7992,25.067,31.3379,37.6091,43.8808,50.1568,56.4465,62.7653,
mpc_y,0,0.17814,0.753786,1.34983,2.01547,2.76626,3.59392,4.46471,5.30454,5.96266,
mpc_x,6.33306,12.6738,19.0034,25.3407,31.681,38.0219,44.3634,50.7092,57.0682,63.455,
mpc_y,0,0.170994,0.716548,1.28908,1.9345,2.66672,3.47688,4.33144,5.15758,5.80776,
mpc_x,6.39927,12.8067,19.2084,25.6141,32.0201,38.4247,44.8281,51.2344,57.6517,64.094,
mpc_y,0,0.154956,0.629168,1.17969,1.83304,2.59114,3.43826,4.33923,5.22758,5.97715,
mpc_x,6.4755,12.9593,19.4381,25.9208,32.4041,38.8865,45.3684,51.8535,58.3494,64.8686,
mpc_y,0,0.146336,0.611899,1.15674,1.80352,2.55244,3.38748,4.27458,5.15056,5.89672,
mpc_x,6.53998,13.0888,19.6314,26.1783,32.7264,39.2742,45.8224,52.3745,58.9379,65.5245,
mpc_y,0,0.124555,0.601443,1.15197,1.79919,2.54342,3.36864,4.24087,5.09721,5.81985,
mpc_x,6.60367,13.2162,19.8217,26.4319,33.0437,39.6559,46.2692,52.8873,59.5169,66.1693,
mpc_y,0,0.12401,0.61325,1.17125,1.82097,2.56265,3.38026,4.24004,5.07979,5.7835,
mpc_x,6.67697,13.3625,20.0405,26.7235,33.4088,40.0952,46.7836,53.4775,60.1835,66.9118,
mpc_y,0,0.139505,0.642744,1.20896,1.86091,2.59867,3.40619,4.25006,5.0691,5.74981,
mpc_x,6.73895,13.4864,20.2281,26.9752,33.7247,40.4751,47.2277,53.9865,60.7587,67.5549,
mpc_y,0,0.142105,0.624167,1.16739,1.79953,2.5211,3.31364,4.13855,4.92548,5.54439,
mpc_x,6.80017,13.6089,20.411,27.2188,34.0293,40.8417,47.657,54.4792,61.315,68.174,
mpc_y,0,0.140967,0.637128,1.18974,1.82539,2.5441,3.32745,4.13764,4.9064,5.50843,
mpc_x,6.87066,13.75,20.6211,27.4986,34.3798,41.2638,48.152,55.0482,61.9585,68.8916,
mpc_y,0,0.135479,0.654686,1.21929,1.85692,2.56803,3.33439,4.11842,4.85243,5.41266,
mpc_x,6.93027,13.8692,20.7987,27.7354,34.6766,41.6217,48.572,55.5314,62.5054,69.5015,
mpc_y,0,0.137838,0.674904,1.24662,1.88195,2.58187,3.32835,4.08385,4.78087,5.29629,
mpc_x,6.98912,13.9867,20.9743,27.97,34.9711,41.9771,48.9892,56.0114,63.0486,70.1069,
mpc_y,0,0.148381,0.696683,1.26946,1.89658,2.57941,3.30004,4.02116,4.6758,5.14234,
mpc_x,7.05687,14.122,21.177,28.2411,35.3117,42.3884,49.4726,56.5679,63.6782,70.8085,
mpc_y,0,0.154701,0.711566,1.27906,1.88883,2.54296,3.22372,3.89378,4.48626,4.88011,
mpc_x,7.11416,14.2366,21.3489,28.4714,35.6014,42.7385,49.8842,57.0416,64.2142,71.4051,
mpc_y,0,0.154862,0.71312,1.26935,1.85693,2.47857,3.11672,3.73398,4.26339,4.58413,
mpc_x,7.1801,14.3686,21.5477,28.738,35.9369,43.1441,50.361,57.5901,64.8339,72.0939,
mpc_y,0,0.153584,0.703126,1.23692,1.78962,2.36443,2.94396,3.49096,3.93907,4.16923,
mpc_x,7.22569,14.4597,21.6774,28.9137,36.1633,43.4244,50.697,57.9823,65.2807,72.5897,
mpc_y,0,0.155538,0.791989,1.32132,1.80466,2.26539,2.70129,3.08408,3.3458,3.34555,
mpc_x,7.29555,14.5995,21.8907,29.2006,36.5237,43.8584,51.2047,58.5631,65.9337,73.3113,
mpc_y,0,0.152786,0.749099,1.22766,1.65411,2.05354,2.4234,2.73299,2.90866,2.79776,
mpc_x,7.35333,14.7143,22.071,29.4441,36.8295,44.226,51.6335,59.0523,66.4817,73.9159,
mpc_y,0,0.186228,0.680707,1.06934,1.41198,1.73122,2.02421,2.26194,2.37544,2.22214,
mpc_x,7.40516,14.8183,22.2323,29.6609,37.1012,44.5522,52.0139,59.4863,66.9678,74.4526,
mpc_y,0,0.170827,0.578505,0.889624,1.15949,1.40877,1.63436,1.80863,1.86632,1.67286,
mpc_x,7.4598,14.9287,22.4013,29.8873,37.3845,44.8921,52.4102,59.9382,67.4744,75.0122,
mpc_y,0,0.118526,0.445727,0.683659,0.883993,1.06582,1.22586,1.3375,1.3384,1.10022,
mpc_x,7.52015,15.0499,22.5833,30.1318,37.6916,45.2617,52.8419,60.4307,68.0248,75.613,
mpc_y,0,0.079188,0.398252,0.555712,0.626861,0.650461,0.638847,0.574911,0.394428,-0.0550551,
mpc_x,7.57149,15.1525,22.7417,30.3429,37.9544,45.5758,53.2071,60.847,68.4923,76.1344,
mpc_y,0,0.0802721,0.270411,0.331249,0.327961,0.295108,0.244496,0.161736,-0.0102794,-0.409117,
mpc_x,7.62232,15.2541,22.8963,30.5485,38.2105,45.8824,53.5644,61.255,68.9519,76.6496,
mpc_y,0,0.0920461,0.140459,0.104227,0.0330127,-0.0449245,-0.118148,-0.195846,-0.321983,-0.606709,
mpc_x,7.68077,15.3715,23.0721,30.782,38.5018,46.2317,53.9719,61.7207,69.476,77.2336,
mpc_y,0,-0.0165966,-0.0736055,-0.185682,-0.310939,-0.424362,-0.515045,-0.590497,-0.690195,-0.915016,
mpc_x,7.73023,15.4704,23.2187,30.9768,38.7454,46.5247,54.3144,62.1127,69.9177,77.7273,
mpc_y,0,-0.0168109,-0.192107,-0.371578,-0.53128,-0.653354,-0.727011,-0.753103,-0.754598,-0.798017,
mpc_x,7.77909,15.5682,23.3624,31.1681,38.9853,46.8136,54.6522,62.4991,70.3517,78.2083,
mpc_y,0,-0.015477,-0.291198,-0.519998,-0.695766,-0.80771,-0.845037,-0.801766,-0.684006,-0.523228,
mpc_x,7.83535,15.6805,23.5312,31.3923,39.2646,47.1485,55.0431,62.9459,70.8534,78.7641,
mpc_y,0,-0.0608212,-0.32958,-0.58707,-0.807762,-0.96081,-1.01725,-0.95838,-0.789502,-0.565492,
mpc_x,7.88292,15.7752,23.6721,31.5807,39.5013,47.4337,55.376,63.3244,71.2747,79.226,
mpc_y,0,-0.0998423,-0.409281,-0.669827,-0.86141,-0.955544,-0.924188,-0.749106,-0.436223,-0.041854,
mpc_x,7.93769,15.885,23.8349,31.7989,39.7755,47.7632,55.7583,63.7551,71.7475,79.7334,
mpc_y,0,-0.0797109,-0.43059,-0.674724,-0.804181,-0.795468,-0.62146,-0.261777,0.283541,0.970599,
mpc_x,7.984,15.9776,23.9741,31.9857,40.0095,48.0426,56.0795,64.1127,72.1346,80.1427,
mpc_y,0,-0.0803007,-0.426176,-0.624057,-0.672315,-0.550208,-0.231686,0.303308,1.05484,1.97971,
mpc_x,8.03729,16.0839,24.1396,32.2065,40.2837,48.3685,56.454,64.5306,72.5915,80.6436,
mpc_y,0,-0.103865,-0.263706,-0.348305,-0.315628,-0.113512,0.306009,0.970223,1.85955,2.85893,
mpc_x,8.08235,16.1741,24.2759,32.3882,40.509,48.633,56.7507,64.8507,72.9284,81.0008,
mpc_y,0,-0.101675,-0.195288,-0.186703,-0.0257509,0.342078,0.961731,1.85022,2.96551,4.14684,
mpc_x,8.13423,16.2784,24.4326,32.5959,40.7633,48.9259,57.0698,65.1807,73.2553,81.3215,
mpc_y,0,0.00309901,-0.0293078,0.0970855,0.431118,1.02549,1.92132,3.12799,4.58923,6.11771,
mpc_x,8.17808,16.3662,24.5638,32.7674,40.9694,49.1573,57.314,65.4247,73.4918,81.5607,
mpc_y,0,0.0031325,0.09152,0.362943,0.876031,1.6857,2.82862,4.30161,6.02285,7.75419,
mpc_x,8.22856,16.4671,24.7109,32.9555,41.1895,49.3955,57.5532,65.649,73.6967,81.7691,
mpc_y,0,-0.0135762,0.267036,0.747132,1.50184,2.59,4.04216,5.83743,7.8584,9.79462,
mpc_x,8.27124,16.5524,24.831,33.1046,41.3572,49.5667,57.7103,65.7763,73.7895,81.8488,
mpc_y,0,0.0325813,0.490207,1.16707,2.14932,3.4974,5.23591,7.32985,9.63535,11.7887,
mpc_x,8.32036,16.65,24.9438,33.2279,41.4722,49.6313,57.6514,65.5037,73.2552,81.1667,
mpc_y,0,0.112404,0.868555,1.72213,2.91381,4.61043,6.89204,9.71153,12.8088,15.482,
mpc_x,8.36875,16.734,25.0413,33.3184,41.5228,49.5946,57.4701,65.1251,72.6564,80.3966,
mpc_y,0,0.243761,1.16975,2.29165,3.85075,6.00029,8.79534,12.158,15.7987,18.9802,
mpc_x,8.04103,16.0789,24.0435,31.9715,39.8167,47.5193,55.0209,62.3067,69.4809,76.8757,
mpc_y,0,0.225046,1.25582,2.49918,4.18227,6.43912,9.307,12.6987,16.3315,19.5018,
mpc_x,7.70806,15.413,23.0225,30.5877,38.0588,45.3764,52.4884,59.3888,66.1887,73.2183,
mpc_y,0,0.217681,1.38235,2.77097,4.59698,6.97595,9.92877,13.3615,17.002,20.1881,
mpc_x,7.4728,14.941,22.2929,29.5934,36.7894,43.8222,50.6439,57.2555,63.7719,70.5223,
mpc_y,0,0.261901,1.54381,3.05995,5.01236,7.50275,10.5404,14.0278,17.7034,20.9418,
mpc_x,7.0584,14.1105,21.0312,27.9001,34.6662,41.2765,47.6908,53.9142,60.0538,66.4088,
mpc_y,0,0.299198,1.63457,3.19456,5.1613,7.62097,10.5755,13.9328,17.4567,20.5897,
mpc_x,6.74833,13.4872,20.0557,26.5985,33.0219,39.2243,45.1119,50.6628,56.0302,61.7049,
mpc_y,0,0.357968,1.86116,3.43048,5.4168,8.01711,11.2811,15.1044,19.1945,22.8584,
mpc_x,6.46872,12.9291,19.2073,25.4504,31.5653,37.4565,43.0432,48.316,53.4256,58.8299,
mpc_y,0,0.328931,1.84533,3.46082,5.49545,8.11559,11.3496,15.0898,19.0646,22.6414,
mpc_x,6.1447,12.2759,18.2333,24.1403,29.9124,35.4637,40.7269,45.7007,50.525,55.6079,
mpc_y,0,0.40659,1.87081,3.48921,5.53225,8.12911,11.2877,14.9017,18.7287,22.2186,
mpc_x,5.83159,11.6519,17.288,22.869,28.3159,33.5523,38.5221,43.2304,47.8065,52.6156,
mpc_y,0,0.362071,1.81998,3.44472,5.47485,8.01585,11.0645,14.5203,18.1653,21.5115,
mpc_x,5.56726,11.1247,16.4281,21.7879,27.0179,31.9256,36.3269,40.183,43.7254,47.6102,
mpc_y,0,0.33001,1.99075,3.42057,5.23932,7.79404,11.1535,15.1395,19.4197,23.4036,
mpc_x,5.22166,10.4326,15.447,20.4566,25.3044,29.8275,33.8917,37.4934,40.8359,44.4628,
mpc_y,0,0.334233,1.75442,3.15504,5.01303,7.56004,10.8007,14.5626,18.5696,22.3335,
mpc_x,4.9673,9.91807,14.7205,19.4793,24.0639,28.3344,32.1865,35.629,38.8414,42.2895,
mpc_y,0,0.404848,1.63442,2.98696,4.83116,7.32562,10.4433,14.022,17.8218,21.4216,
mpc_x,4.67656,9.34131,13.8749,18.3409,22.632,26.6331,30.2653,33.5458,36.6278,39.9036,
mpc_y,0,0.332185,1.43818,2.75667,4.56334,6.95967,9.90096,13.2441,16.7843,20.159,
mpc_x,4.3922,8.77751,13.0345,17.2141,21.226,24.9751,28.4022,31.5276,34.482,37.5972,
mpc_y,0,0.245772,1.28597,2.58162,4.33978,6.62415,9.38398,12.4955,15.7833,18.9328,
mpc_x,4.11344,8.21835,12.2062,16.1132,19.8624,23.3737,26.6044,29.5754,32.3976,35.3497,
mpc_y,0,0.264825,1.23173,2.48898,4.18249,6.34519,8.92439,11.8132,14.8612,17.7976,
mpc_x,3.87886,7.75057,11.4752,15.1687,18.7364,22.0689,25.082,27.7776,30.283,32.934,
mpc_y,0,0.2355,1.28187,2.42333,3.92815,5.91913,8.38265,11.2039,14.2083,17.0987,
mpc_x,3.61056,7.21524,10.6882,14.119,17.4297,20.5313,23.3634,25.9337,28.3479,30.8837,
mpc_y,0,0.20576,1.15822,2.25667,3.70117,5.57198,7.84593,10.4263,13.1667,15.8088,
mpc_x,3.34704,6.68512,9.92837,13.1265,16.2102,19.1103,21.7839,24.2406,26.5673,28.9917,
mpc_y,0,0.244573,1.08601,2.11799,3.4787,5.21572,7.30069,9.65191,12.1455,14.5584,
mpc_x,3.12566,6.24402,9.28303,12.2757,15.1655,17.898,20.4407,22.8025,25.0554,27.3891,
mpc_y,0,0.213315,0.985089,1.95338,3.22081,4.81886,6.72095,8.85855,11.1247,13.3222,
mpc_x,3.01593,6.02983,8.89871,11.7806,14.6004,17.2843,19.7716,22.0499,24.1961,26.4419,
mpc_y,0,0.184032,1.13967,2.08334,3.22574,4.67975,6.46638,8.52766,10.7403,12.8662,
mpc_x,3.12679,6.24196,9.21001,12.1456,14.9737,17.6238,20.0535,22.273,24.367,26.5564,
mpc_y,0,0.315877,1.31367,2.42539,3.81022,5.52957,7.56407,9.84008,12.2452,14.5776,
mpc_x,3.14615,6.28037,9.2514,12.1676,14.9583,17.5646,19.9596,22.1619,24.252,26.4304,
mpc_y,0,0.319791,1.37079,2.58931,4.0942,5.9172,8.02528,10.3477,12.7847,15.1568,
mpc_x,3.11059,6.21006,9.11574,11.9583,14.6755,17.2217,19.5808,21.7732,23.8704,26.0479,
mpc_y,0,0.273871,1.39311,2.68836,4.24966,6.09364,8.18672,10.4677,12.8498,15.1726,
mpc_x,3.08584,6.16083,9.01086,11.7972,14.4637,16.9724,19.3126,21.5045,23.6132,25.7971,
mpc_y,0,0.269535,1.46205,2.81953,4.41918,6.27317,8.35088,10.5985,12.9379,15.221,
mpc_x,3.07546,6.13669,8.91421,11.6851,14.3701,16.9111,19.2772,21.4768,23.5779,25.7655,
mpc_y,0,0.317923,1.65398,3.0265,4.58018,6.37708,8.4141,10.6439,12.9802,15.2497,
mpc_x,3.07392,6.13012,8.90369,11.6561,14.3181,16.8424,19.2078,21.427,23.5627,25.7792,
mpc_y,0,0.353622,1.68981,3.09128,4.67718,6.49157,8.52392,10.7293,13.0293,15.2656,
mpc_x,3.09936,6.17696,8.97885,11.7478,14.4253,16.9737,19.3797,21.658,23.8662,26.1495,
mpc_y,0,0.402586,1.7438,3.17365,4.78774,6.61597,8.64341,10.8278,13.0972,15.3053,
mpc_x,3.09411,6.16584,8.96553,11.7333,14.4174,16.9861,19.4295,21.7621,24.036,26.3803,
mpc_y,0,0.388203,1.7193,3.13758,4.72825,6.51678,8.48889,10.6059,12.8002,14.934,
mpc_x,3.09104,6.1631,8.95748,11.7184,14.4059,16.9979,19.4904,21.8981,24.2647,26.6925,
mpc_y,0,0.364211,1.7102,3.14531,4.73337,6.4909,8.40334,10.437,12.5335,14.5744,
mpc_x,3.10566,6.193,9.00402,11.7899,14.5121,17.1501,19.7009,22.1783,24.6228,27.1266,
mpc_y,0,0.370713,1.72033,3.14321,4.70465,6.42279,8.28507,10.2599,12.2911,14.2648,
mpc_x,3.18825,6.35854,9.25241,12.1289,14.9497,17.6955,20.3638,22.9684,25.5476,28.1865,
mpc_y,0,0.407115,1.7848,3.22092,4.78427,6.49491,8.34171,10.2941,12.2962,14.2357,
mpc_x,3.27279,6.52688,9.50919,12.4807,15.4033,18.2586,21.0444,23.7746,26.4857,29.2574,
mpc_y,0,0.423249,1.81312,3.24906,4.80346,6.49811,8.32283,10.2473,12.2156,14.1154,
mpc_x,3.37242,6.72716,9.82094,12.9108,15.9595,18.9497,21.8801,24.7642,27.6368,30.5706,
mpc_y,0,0.42192,1.80824,3.22738,4.75542,6.41563,8.19852,10.0738,11.9848,13.8195,
mpc_x,3.47126,6.92562,10.1459,13.3667,16.5518,19.6846,22.764,25.8032,28.836,31.9311,
mpc_y,0,0.42192,1.76424,3.13107,4.60335,6.20582,7.92922,9.74211,11.5852,13.3417,
mpc_x,3.57232,7.12909,10.4784,13.8311,17.1542,20.433,23.6667,26.8677,30.0672,33.3274,
mpc_y,0,0.418748,1.71485,3.02975,4.44354,5.98095,7.6332,9.36895,11.1283,12.7945,
mpc_x,3.66998,7.33276,10.8022,14.2805,17.7362,21.1555,24.5378,27.8948,31.2555,34.6766,
mpc_y,0,0.355419,1.61206,2.87343,4.22337,5.68851,7.2611,8.90972,10.5733,12.1334,
mpc_x,3.76899,7.52934,11.1249,14.727,18.3084,21.8577,25.3749,28.8714,32.3742,35.9345,
mpc_y,0,0.374795,1.5701,2.77714,4.07387,5.48365,6.99716,8.58217,10.1774,11.6661,
mpc_x,3.88253,7.75596,11.4771,15.2161,18.9472,22.6593,26.3512,30.0318,33.7228,37.4667,
mpc_y,0,0.385087,1.56103,2.71324,3.92373,5.22193,6.60494,8.04585,9.48732,10.8157,
mpc_x,3.99493,7.98719,11.8437,15.7215,19.5959,23.4567,27.303,31.1428,34.9965,38.9018,
mpc_y,0,0.318315,1.43482,2.51331,3.64017,4.84672,6.13067,7.46454,8.78902,9.98689,
mpc_x,4.08995,8.17631,12.1578,16.1561,20.1515,24.1356,28.1082,32.0767,36.0594,40.089,
mpc_y,0,0.333602,1.3532,2.34679,3.39268,4.51786,5.71814,6.96544,8.20116,9.31146,
mpc_x,4.19923,8.3952,12.5182,16.6531,20.785,24.9081,29.0226,33.1352,37.2617,41.4291,
mpc_y,0,0.333945,1.22986,2.1184,3.06612,4.09386,5.19476,6.34026,7.47362,8.48739,
mpc_x,4.30725,8.61876,12.868,17.1293,21.3901,25.6454,29.8957,34.1472,38.4136,42.718,
mpc_y,0,0.222526,1.04057,1.84848,2.71116,3.64827,4.65219,5.69378,6.71619,7.61326,
mpc_x,4.39866,8.80121,13.1559,17.5185,21.8806,26.2392,30.5954,34.9546,39.3278,43.7325,
mpc_y,0,0.232056,0.981461,1.74332,2.5641,3.45485,4.40526,5.38806,6.35423,7.21638,
mpc_x,4.48878,8.981,13.4408,17.9067,22.3726,26.8366,31.3001,35.7679,40.2491,44.7574,
mpc_y,0,0.242732,0.905599,1.59498,2.34698,3.16744,4.04404,4.95006,5.84035,6.63746,
mpc_x,4.57786,9.16091,13.7194,18.2839,22.8498,27.4158,31.9833,36.5568,41.1438,45.7549,
mpc_y,0,0.210045,0.810479,1.44096,2.13194,2.88635,3.69072,4.51884,5.32844,6.04965,
mpc_x,4.68047,9.36782,14.0368,18.7123,23.3906,28.0712,32.7557,37.4479,42.1538,46.8811,
mpc_y,0,0.170979,0.713914,1.28745,1.91666,2.60161,3.32777,4.06962,4.78847,5.42355,
mpc_x,4.76722,9.54182,14.3209,19.0981,23.8706,28.6383,33.4045,38.1742,42.9539,47.7497,
mpc_y,0,0.158308,0.437563,0.874878,1.45231,2.14083,2.90619,3.71142,4.51748,5.28248,
mpc_x,4.86706,9.7418,14.623,19.5027,24.3788,29.2528,34.128,39.0089,43.8994,48.8003,
mpc_y,0,0.150288,0.388578,0.801042,1.35106,2.00075,2.71341,3.45578,4.20171,4.93927,
mpc_x,4.96561,9.9411,14.9178,19.8941,24.8696,29.8468,34.8294,39.8215,44.8258,49.8409,
mpc_y,0,0.0340734,0.331369,0.770689,1.31849,1.93819,2.59394,3.25448,3.89913,4.52917,
mpc_x,5.04892,10.1077,15.165,20.2228,25.2822,30.3462,35.4188,40.5034,45.6015,50.71,
mpc_y,0,0.0352251,0.378012,0.840403,1.38802,1.98371,2.59188,3.18352,3.74467,4.29248,
mpc_x,5.14469,10.298,15.4605,20.6205,25.7767,30.9338,36.0979,41.2733,46.4601,51.6485,
mpc_y,0,0.119191,0.269852,0.659875,1.20227,1.82602,2.47505,3.11358,3.74145,4.42708,
mpc_x,5.22568,10.4599,15.7015,20.9407,26.1792,31.423,36.6779,41.9473,47.2297,52.5138,
mpc_y,0,0.122969,0.329237,0.745116,1.27946,1.85911,2.42814,2.95503,3.4523,4.01809,
mpc_x,5.30579,10.6216,15.9368,21.2519,26.5715,31.902,37.248,42.6112,47.9889,53.3733,
mpc_y,0,0.0123998,0.348221,0.817643,1.34558,1.86591,2.3253,2.69384,2.98792,3.31649,
mpc_x,5.39798,10.8059,16.2062,21.6115,27.0274,32.459,37.9085,43.3743,48.8521,54.3384,
mpc_y,0,0.0330834,0.46951,0.965468,1.45568,1.87787,2.1805,2.33711,2.3738,2.42322,
mpc_x,5.4887,10.9852,16.4747,21.9741,27.4885,33.0207,38.5686,44.1263,49.6888,55.2603,
mpc_y,0,0.155742,0.615115,1.07608,1.47311,1.74299,1.83499,1.72838,1.46538,1.21551,
mpc_x,5.56541,11.1385,16.7037,22.2845,27.8831,33.4978,39.1213,44.7424,50.3557,55.9765,
mpc_y,0,0.160121,0.634882,1.03889,1.31496,1.40305,1.25456,0.853327,0.252147,-0.356795,
mpc_x,5.6538,11.3163,16.9719,22.6481,28.3413,34.0423,39.7351,45.402,51.0375,56.675,
mpc_y,0,0.120301,0.575105,0.867476,0.951117,0.770842,0.282263,-0.523488,-1.58026,-2.67144,
mpc_x,5.72855,11.4657,17.2028,22.9597,28.7267,34.4871,40.217,45.8932,51.5142,57.1351,
mpc_y,0,0.124494,0.487982,0.626071,0.493103,0.0353755,-0.786609,-1.97142,-3.43537,-4.93183,
mpc_x,5.81457,11.6384,17.4698,23.3135,29.1514,34.9564,40.6951,46.3401,51.8992,57.4605,
mpc_y,0,0.0918984,0.285772,0.185757,-0.255623,-1.08925,-2.34559,-4.00729,-5.96772,-7.94576,
mpc_x,5.88735,11.784,17.6912,23.5971,29.4761,35.2921,41.0053,46.5889,52.0652,57.5606,
mpc_y,0,0.0942113,0.0549685,-0.313105,-1.06879,-2.26262,-3.91531,-5.99213,-8.36267,-10.7092,
mpc_x,5.97115,11.9522,17.9008,23.8599,29.7802,35.5796,41.1478,46.408,51.4406,56.6555,
mpc_y,0,0.040088,-0.670917,-1.3735,-2.41048,-4.02654,-6.34195,-9.3111,-12.6692,-15.7522,
mpc_x,6.04201,12.0938,18.0692,24.025,29.8896,35.5546,40.8971,45.8601,50.5734,55.5183,
mpc_y,0,-0.0525267,-0.961457,-1.97035,-3.42965,-5.55682,-8.41959,-11.9163,-15.7584,-19.3111,
mpc_x,6.12127,12.2453,18.2656,24.2206,30.0066,35.4883,40.5481,45.1693,49.5258,54.1284,
mpc_y,0,-0.295203,-1.40182,-2.78562,-4.76164,-7.48497,-10.9472,-14.9914,-19.3331,-23.4247,
mpc_x,5.90726,11.8065,17.5778,23.2617,28.7498,33.9161,38.6663,43.0065,47.1085,51.4414,
mpc_y,0,-0.307113,-1.51961,-3.06328,-5.20416,-8.05098,-11.5649,-15.5889,-19.8695,-23.9279,
mpc_x,5.59834,11.1908,16.6183,21.9434,27.0614,31.8641,36.2823,40.3367,44.1857,48.2453,
mpc_y,0,-0.255731,-1.5867,-3.25924,-5.49278,-8.35939,-11.8054,-15.6874,-19.7867,-23.6899,
mpc_x,5.29563,10.5841,15.6765,20.657,25.4294,29.9027,34.0274,37.8313,41.457,45.2686,
mpc_y,0,-0.275589,-1.69178,-3.44804,-5.72135,-8.55657,-11.8946,-15.6083,-19.51,-23.2426,
mpc_x,4.99851,9.98642,14.7545,19.4082,23.8617,28.0393,31.9059,35.4917,38.9223,42.5153,
mpc_y,0,-0.325356,-1.79179,-3.58396,-5.8442,-8.59933,-11.7918,-15.3112,-18.9956,-22.5347,
mpc_x,4.74846,9.48406,13.9818,18.3694,22.5705,26.5197,30.1905,33.6121,36.8967,40.3268,
mpc_y,0,-0.349213,-1.84036,-3.63097,-5.8436,-8.49757,-11.5407,-14.8759,-18.3598,-21.7139,
mpc_x,4.46202,8.91049,13.0892,17.187,21.0336,24.4721,27.4342,29.9911,32.3261,34.8259,
mpc_y,0,-0.347584,-1.88345,-3.59787,-5.82073,-8.64877,-11.9858,-15.6547,-19.4804,-23.2121,
mpc_x,4.22106,8.4279,12.3789,16.2261,19.8258,23.0543,25.8692,28.3355,30.6099,33.0314,
mpc_y,0,-0.346054,-1.80286,-3.49431,-5.66911,-8.3799,-11.5315,-14.9751,-18.5602,-22.0596,
mpc_x,3.94471,7.87316,11.5656,15.1428,18.4895,21.5111,24.1828,26.56,28.7733,31.1131,
mpc_y,0,-0.357705,-1.71707,-3.34833,-5.42579,-7.96852,-10.8902,-14.0686,-17.3753,-20.6061,
mpc_x,3.71253,7.41026,10.881,14.2381,17.3866,20.2508,22.814,25.1222,27.2874,29.5636,
mpc_y,0,-0.33119,-1.62065,-3.18434,-5.15309,-7.53206,-10.2465,-13.1936,-16.2595,-19.2564,
mpc_x,3.44701,6.88136,10.0848,13.2369,16.1999,18.8438,21.1138,23.067,24.8453,26.7402,
mpc_y,0,-0.295148,-1.5406,-2.9006,-4.64672,-6.86184,-9.47209,-12.3393,-15.3297,-18.2596,
mpc_x,3.1868,6.36191,9.34238,12.2551,14.9985,17.4785,19.6601,21.5849,23.3648,25.2445,
mpc_y,0,-0.272593,-1.37208,-2.64302,-4.26672,-6.28575,-8.63761,-11.2164,-13.9093,-16.5457,
mpc_x,2.96758,5.92264,8.72275,11.4546,14.035,16.394,18.5066,20.4043,22.1786,24.0383,
mpc_y,0,-0.272394,-1.2564,-2.43816,-3.94183,-5.78967,-7.92887,-10.2737,-12.7256,-15.126,
mpc_x,2.75277,5.49521,8.11214,10.6617,13.0806,15.3184,17.3575,19.2213,20.9834,22.8164,
mpc_y,0,-0.238169,-1.12013,-2.20696,-3.58031,-5.24913,-7.17023,-9.27526,-11.479,-13.6371,
mpc_x,2.61015,5.21212,7.68993,10.0943,12.3787,14.5101,16.4806,18.3107,20.0599,21.8674,
mpc_y,0,-0.211334,-1.06436,-2.13145,-3.45584,-5.03136,-6.81902,-8.76389,-10.795,-12.788,
mpc_x,2.69599,5.39042,7.9047,10.3323,12.6308,14.775,16.7643,18.6221,20.4057,22.2475,
mpc_y,0,-0.23626,-1.26019,-2.49752,-3.97947,-5.69298,-7.59865,-9.64624,-11.7718,-13.8606,
mpc_x,2.80413,5.60398,8.14814,10.6034,12.9301,15.108,17.1398,19.0493,20.8916,22.7928,
mpc_y,0,-0.283138,-1.50326,-2.91381,-4.54508,-6.38587,-8.40099,-10.5457,-12.7615,-14.9402,
mpc_x,2.93024,5.84883,8.42834,10.9255,13.3024,15.5417,17.6483,19.6455,21.5848,23.5839,
mpc_y,0,-0.356164,-1.77324,-3.3497,-5.11901,-7.0747,-9.18688,-11.4162,-13.7092,-15.9636,
mpc_x,3.00429,5.98721,8.5803,11.1094,13.5359,15.8423,18.0325,20.1277,22.1753,24.2824,
mpc_y,0,-0.4158,-1.95098,-3.60781,-5.42822,-7.41392,-9.54149,-11.7764,-14.0684,-16.3196,
mpc_x,3.01477,5.99804,8.58083,11.1269,13.5957,15.9685,18.247,20.4494,22.6172,24.8425,
mpc_y,0,-0.446227,-2.01077,-3.65291,-5.42627,-7.34215,-9.38421,-11.5226,-13.7101,-15.8535,
mpc_x,2.99938,5.96777,8.54763,11.1119,13.6184,16.0477,18.4001,20.6915,22.9589,25.2818,
mpc_y,0,-0.441702,-1.98502,-3.57315,-5.26895,-7.09035,-9.02569,-11.0481,-13.1123,-15.129,
mpc_x,3.00531,5.98105,8.5936,11.2034,13.7688,16.2713,18.7114,21.1035,23.481,25.9122,
mpc_y,0,-0.44313,-1.9491,-3.47967,-5.10239,-6.83805,-8.67714,-10.5942,-12.5452,-14.4451,
mpc_x,3.04475,6.06567,8.74834,11.4469,14.1171,16.7396,19.3134,21.8509,24.3821,26.9673,
mpc_y,0,-0.432408,-1.90588,-3.37111,-4.90755,-6.54299,-8.27217,-10.0714,-11.8967,-13.6625,
mpc_x,3.10834,6.1909,8.97636,11.7824,14.5673,17.3134,20.0197,22.6979,25.3756,28.1063,
mpc_y,0,-0.450575,-1.86788,-3.2666,-4.72858,-6.28258,-7.92421,-9.62996,-11.3551,-13.0144,
mpc_x,3.19557,6.36821,9.2845,12.2219,15.1429,18.0321,20.8892,23.7256,26.5665,29.4592,
mpc_y,0,-0.451062,-1.80332,-3.1334,-4.52272,-5.99907,-7.55753,-9.17382,-10.8023,-12.358,
mpc_x,3.29871,6.57988,9.64074,12.7218,15.7901,18.8328,21.8506,24.8546,27.8679,30.9314,
mpc_y,0,-0.425976,-1.70853,-2.96836,-4.2847,-5.68318,-7.15747,-8.68205,-10.2105,-11.6589,
mpc_x,3.41999,6.82649,10.0378,13.2833,16.5298,19.7639,22.9843,26.1988,29.4264,32.7024,
mpc_y,0,-0.400725,-1.63403,-2.80417,-4.00077,-5.25811,-6.57694,-7.93602,-9.28968,-10.55,
mpc_x,3.52254,7.03498,10.3926,13.7798,17.1692,20.55,23.9215,27.2912,30.6758,34.1054,
mpc_y,0,-0.376343,-1.506,-2.57696,-3.67422,-4.82896,-6.04031,-7.28597,-8.51979,-9.65505,
mpc_x,3.64039,7.27284,10.7992,14.3468,17.896,21.4396,24.978,28.518,32.0735,35.6679,
mpc_y,0,-0.361569,-1.34288,-2.28432,-3.25833,-4.28889,-5.3717,-6.48323,-7.57849,-8.57667,
mpc_x,3.7402,7.47642,11.1383,14.8158,18.4947,22.1706,25.8444,29.5223,33.2157,36.9427,
mpc_y,0,-0.323516,-1.17762,-2.00882,-2.87773,-3.80182,-4.77372,-5.76911,-6.74503,-7.62803,
mpc_x,3.85528,7.71159,11.5111,15.3296,19.1555,22.9844,26.8165,30.6557,34.51,38.3925,
mpc_y,0,-0.26307,-1.02562,-1.74262,-2.4749,-3.24349,-4.0461,-4.86366,-5.65785,-6.35896,
mpc_x,3.9685,7.94203,11.8785,15.8305,19.7899,23.754,27.7232,31.7008,35.693,39.7093,
mpc_y,0,-0.198728,-0.840821,-1.44866,-2.07412,-2.73341,-3.42201,-4.12059,-4.79311,-5.37672,
mpc_x,4.06415,8.13297,12.1845,16.247,20.3161,24.3904,28.4707,32.5599,36.6624,40.7846,
mpc_y,0,-0.208407,-0.723947,-1.23158,-1.76706,-2.33841,-2.93778,-3.54614,-4.13223,-4.64551,
mpc_x,4.17428,8.35681,12.5297,16.7127,20.903,25.1,29.3046,33.519,37.7464,41.9906,
mpc_y,0,-0.121036,-0.544459,-0.966676,-1.41558,-1.89501,-2.39536,-2.89802,-3.37531,-3.78609,
mpc_x,4.26743,8.543,12.8164,17.0986,21.3884,25.6859,29.9924,34.3093,38.6383,42.9807,
mpc_y,0,-0.126491,-0.472628,-0.834867,-1.22455,-1.63799,-2.06363,-2.48565,-2.88545,-3.24196,
mpc_x,4.35939,8.72704,13.0983,17.4777,21.8651,26.2611,30.6666,35.0828,39.5107,43.9501,
mpc_y,0,-0.123072,-0.390554,-0.685934,-1.00997,-1.35364,-1.70346,-2.04475,-2.36452,-2.65518,
mpc_x,4.46526,8.93963,13.4202,17.9094,22.4073,26.9146,31.4321,35.9607,40.5006,45.0508,
mpc_y,0,-0.0896585,-0.29386,-0.528286,-0.786043,-1.05415,-1.31778,-1.56371,-1.78479,-1.98742,
mpc_x,4.55478,9.11918,13.6909,18.2717,22.8618,27.4619,32.0727,36.6945,41.3274,45.9699,
mpc_y,0,-0.0587123,-0.224825,-0.417409,-0.625067,-0.832427,-1.02394,-1.18776,-1.32167,-1.44372,
mpc_x,4.65783,9.32543,14.0017,18.6875,23.3831,28.0891,32.8058,37.5332,42.271,47.018,
mpc_y,0,-0.0464118,-0.166122,-0.305721,-0.449839,-0.580975,-0.683048,-0.745828,-0.772419,-0.793344,
mpc_x,4.74497,9.49975,14.264,19.0379,23.8219,28.6164,33.4213,38.2362,43.0608,47.8945,
mpc_y,0,-0.0434213,-0.127446,-0.227393,-0.322211,-0.391498,-0.418462,-0.394829,-0.330105,-0.269613,
mpc_x,4.84526,9.7005,14.5654,19.4403,24.3255,29.2207,34.1255,39.0388,43.9605,48.8915,
mpc_y,0,-0.0157556,-0.0730052,-0.131426,-0.167261,-0.158599,-0.0885554,0.0489036,0.237661,0.417203,
mpc_x,4.93009,9.87016,14.8202,19.7803,24.7503,29.7297,34.7172,39.7114,44.7124,49.7235,
mpc_y,0,-0.0163116,-0.0396481,-0.0542217,-0.0319272,0.0513186,0.212619,0.455582,0.75706,1.04064,
mpc_x,5.02773,10.0655,15.1132,20.1707,25.2375,30.3119,35.3919,40.4753,45.563,50.6618,
mpc_y,0,-0.00271239,0.0128644,0.0542944,0.152996,0.334687,0.616273,0.998351,1.44969,1.87581,
mpc_x,5.11029,10.2306,15.3605,20.4998,25.6471,30.7999,35.9549,41.1097,46.2664,51.4359,
mpc_y,0,-0.00280212,0.060385,0.161882,0.337671,0.615557,1.0123,1.52538,2.11537,2.66974,
mpc_x,5.19184,10.3937,15.6029,20.822,26.0486,31.2791,36.5088,41.7341,46.9584,52.1998,
mpc_y,0,0.0072771,0.171811,0.341439,0.576097,0.920526,1.40229,2.02158,2.72779,3.3701,
mpc_x,5.2857,10.5813,15.8824,21.1922,26.5068,31.8202,37.1256,42.4182,47.7047,53.0136,
mpc_y,0,0.0263388,0.248495,0.498096,0.842386,1.32914,1.98509,2.80458,3.72297,4.55896,
mpc_x,5.36506,10.7398,16.1181,21.5034,26.8898,32.2689,37.6314,42.9719,48.3002,53.6557,
mpc_y,0,0.062652,0.331608,0.655569,1.1047,1.72756,2.54914,3.55862,4.68039,5.71026,
mpc_x,5.44344,10.8963,16.3495,21.8073,27.2613,32.7002,38.1122,43.4914,48.8518,54.2462,
mpc_y,0,0.0774884,0.411479,0.824944,1.39278,2.16475,3.16383,4.37323,5.7053,6.93117,
mpc_x,5.53364,11.0764,16.6136,22.1514,27.6778,33.1777,38.636,44.0468,49.4305,54.8579,
mpc_y,0,0.0989314,0.526182,1.06173,1.78596,2.74951,3.97219,5.42959,7.02,8.48654,
mpc_x,5.60991,11.2289,16.8158,22.4164,28.0088,33.5695,39.0729,44.5058,49.8993,55.3732,
mpc_y,0,0.101675,0.796433,1.46139,2.26535,3.32039,4.68419,6.34126,8.15382,9.73701,
mpc_x,5.69765,11.4007,17.0706,22.7447,28.3956,33.9913,39.4989,44.9038,50.2497,55.6949,
mpc_y,0,0.228861,0.966134,1.74789,2.74185,4.05453,5.73288,7.74605,9.93742,11.8939,
mpc_x,5.77169,11.5486,17.2795,23.0066,28.6954,34.306,39.8002,45.1647,50.457,55.8701,
mpc_y,0,0.234841,1.06129,1.97897,3.16026,4.70793,6.65865,8.96715,11.4603,13.7008,
mpc_x,5.84492,11.6964,17.475,23.2379,28.9452,34.5495,40.0086,45.3134,50.5359,55.9032,
mpc_y,0,0.200266,1.15271,2.23265,3.61852,5.40856,7.62821,10.2181,12.9914,15.4923,
mpc_x,5.90835,11.8206,17.6303,23.4062,29.1018,34.6641,40.0494,45.2542,50.3654,55.6406,
mpc_y,0,0.232271,1.32669,2.59865,4.22275,6.28605,8.79869,11.6874,14.758,17.5549,
mpc_x,5.87191,11.7385,17.4785,23.1702,28.7629,34.2019,39.446,44.4977,49.4514,54.5745,
mpc_y,0,0.284802,1.49157,2.91168,4.70763,6.95234,9.64277,12.6984,15.9288,18.8997,
mpc_x,5.64254,11.2773,16.7805,22.2349,27.5912,32.7978,37.819,42.66,47.4099,52.3155,
mpc_y,0,0.29598,1.51711,2.95251,4.74854,6.96674,9.59932,12.5692,15.7011,18.5995,
mpc_x,5.33865,10.6695,15.865,21.0156,26.0741,30.9942,35.7463,40.3373,44.8478,49.497,
mpc_y,0,0.288306,1.50697,2.92514,4.67404,6.80623,9.31211,12.1212,15.0762,17.8248,
mpc_x,5.04083,10.0719,14.9443,19.7938,24.5289,29.0424,33.2355,37.0856,40.7232,44.5552,
mpc_y,0,0.314191,1.56923,2.90028,4.60969,6.862,9.68389,12.9736,16.5114,19.8513,
mpc_x,4.7902,9.57199,14.203,18.7988,23.276,27.5387,31.5056,35.1659,38.6406,42.2921,
mpc_y,0,0.283742,1.46871,2.77477,4.46003,6.65343,9.36282,12.4895,15.8356,19.0019,
mpc_x,4.54382,9.07832,13.477,17.8316,22.0673,26.0984,29.8585,33.3444,36.6659,40.1421,
mpc_y,0,0.290851,1.39238,2.65802,4.30067,6.41758,9.00283,11.9629,15.1208,18.1221,
mpc_x,4.26183,8.51502,12.6492,16.7357,20.7068,24.4883,28.0283,31.3286,34.4863,37.7752,
mpc_y,0,0.271393,1.29231,2.50764,4.08644,6.09823,8.52768,11.2894,14.2278,17.0336,
mpc_x,3.98569,7.9636,11.8286,15.6557,19.3745,22.909,26.2033,29.2564,32.1626,35.1914,
mpc_y,0,0.24886,1.2268,2.37073,3.85583,5.75922,8.07078,10.708,13.5207,16.2159,
mpc_x,3.75348,7.50047,11.1472,14.7536,18.2568,21.5937,24.7207,27.6404,30.4346,33.3335,
mpc_y,0,0.220724,1.13241,2.22749,3.64468,5.43966,7.59702,10.0432,12.6465,15.148,
mpc_x,3.57387,7.14196,10.6147,14.0397,17.3611,20.5259,23.5011,26.2935,28.9763,31.7495,
mpc_y,0,0.222381,1.1079,2.1967,3.59545,5.34019,7.40911,9.73463,12.2005,14.5796,
mpc_x,3.60604,7.21191,10.6906,14.1046,17.3954,20.5135,23.434,26.1714,28.8022,31.5238,
mpc_y,0,0.255745,1.26382,2.50258,4.06231,5.96307,8.17206,10.6192,13.195,15.6894,
mpc_x,3.69065,7.38048,10.8825,14.3138,17.6061,20.7029,23.5791,26.2539,28.813,31.4738,
mpc_y,0,0.267861,1.46013,2.86516,4.59248,6.66765,9.05503,11.6802,14.432,17.0998,
mpc_x,3.74795,7.49013,10.9921,14.4079,17.6721,20.7358,23.583,26.2388,28.7877,31.4378,
mpc_y,0,0.307674,1.648,3.20947,5.08713,7.29403,9.78916,12.5011,15.3273,18.0726,
mpc_x,3.63877,7.26141,10.6321,13.9208,17.0693,20.0388,22.8191,25.434,27.9581,30.5734,
mpc_y,0,0.342211,1.70987,3.28505,5.14422,7.2949,9.70036,12.2988,14.9993,17.6258,
mpc_x,3.3931,6.76867,9.92133,13.0061,15.9768,18.8033,21.478,24.0197,26.4892,29.0341,
mpc_y,0,0.344563,1.61614,3.0681,4.76161,6.70373,8.86606,11.1981,13.6208,15.9789,
mpc_x,3.17058,6.32684,9.2802,12.1814,14.9922,17.6878,20.2614,22.7276,25.1365,27.6093,
mpc_y,0,0.300916,1.48149,2.80909,4.33984,6.08381,8.02004,10.1067,12.2744,14.3843,
mpc_x,3.09149,6.17502,9.04945,11.8918,14.6545,17.3033,19.8228,22.2228,24.5555,26.957,
mpc_y,0,0.297278,1.47891,2.76026,4.22692,5.90907,7.79613,9.84839,11.9917,14.0728,
mpc_x,3.20677,6.40267,9.35826,12.2773,15.1111,17.8277,20.4151,22.8866,25.2953,27.7761,
mpc_y,0,0.36576,1.65349,3.04537,4.62415,6.41537,8.40492,10.5522,12.7842,14.9512,
mpc_x,3.31055,6.60815,9.63308,12.6235,15.529,18.3188,20.983,23.5364,26.0324,28.6037,
mpc_y,0,0.389724,1.76915,3.24468,4.90128,6.76425,8.81909,11.0255,13.3115,15.5278,
mpc_x,3.37807,6.74024,9.80127,12.8375,15.7986,18.6551,21.3987,24.0439,26.6412,29.3141,
mpc_y,0,0.394468,1.84811,3.37518,5.06373,6.94187,8.9981,11.1953,13.464,15.659,
mpc_x,3.40303,6.78377,9.87077,12.9386,15.94,18.8488,21.6588,24.384,27.0714,29.8318,
mpc_y,0,0.417775,1.86792,3.38096,5.04262,6.88016,8.88297,11.0158,13.2121,15.3323,
mpc_x,3.40915,6.79587,9.90222,12.9952,16.0304,18.984,21.8508,24.6444,27.4082,30.2423,
mpc_y,0,0.419275,1.84532,3.32338,4.93827,6.71735,8.65118,10.7062,12.8176,14.8509,
mpc_x,3.42561,6.83111,9.96866,13.1093,16.2038,19.2248,22.1628,25.0285,27.8644,30.7737,
mpc_y,0,0.407515,1.80801,3.22607,4.7647,6.46364,8.32103,10.3059,12.3502,14.3066,
mpc_x,3.45935,6.90062,10.0939,13.2902,16.4439,19.5302,22.5412,25.4879,28.4105,31.4045,
mpc_y,0,0.4032,1.76533,3.14582,4.64445,6.29865,8.10565,10.0343,12.0169,13.9088,
mpc_x,3.51098,7.00473,10.2786,13.5534,16.7886,19.9623,23.0685,26.1181,29.1492,32.2488,
mpc_y,0,0.404619,1.71244,3.04464,4.49511,6.09769,7.84801,9.71441,11.6296,13.4515,
mpc_x,3.56441,7.11393,10.4629,13.8123,17.1247,20.3808,23.5755,26.7198,29.8499,33.0467,
mpc_y,0,0.393504,1.66018,2.95394,4.36513,5.92528,7.62893,9.44392,11.3029,13.0655,
mpc_x,3.64977,7.29191,10.7286,14.1851,17.6181,21.0037,24.3317,27.609,30.8711,34.2047,
mpc_y,0,0.351256,1.63627,2.89646,4.24663,5.7369,7.37442,9.13245,10.9392,12.6325,
mpc_x,3.73877,7.46865,11.0188,14.5819,18.119,21.6083,25.041,28.4246,31.7947,35.2355,
mpc_y,0,0.368545,1.60123,2.82698,4.15444,5.62895,7.25438,9.00141,10.7959,12.4736,
mpc_x,3.85116,7.69645,11.3836,15.0775,18.7435,22.3617,25.9246,29.4405,32.9447,36.5191,
mpc_y,0,0.349764,1.52925,2.72002,4.02447,5.48321,7.09666,8.83272,10.6145,12.2746,
mpc_x,3.94788,7.88867,11.6977,15.5054,19.2821,23.0103,26.6838,30.3113,33.9273,37.6104,
mpc_y,0,0.367504,1.47912,2.63001,3.9105,5.35396,6.95673,8.68431,10.4587,12.1137,
mpc_x,4.05939,8.11783,12.0356,15.9656,19.8738,23.7395,27.5524,31.3184,35.0718,38.8976,
mpc_y,0,0.298254,1.43515,2.5658,3.80305,5.19725,6.75625,8.4502,10.1957,11.8019,
mpc_x,4.15375,8.30577,12.3381,16.3747,20.3853,24.3503,28.2606,32.1223,35.9703,39.8894,
mpc_y,0,0.31225,1.38934,2.48916,3.7152,5.11151,6.68168,8.39264,10.1584,11.7857,
mpc_x,4.26204,8.52322,12.6813,16.8363,20.9612,25.0377,29.0573,33.0266,36.9812,41.0056,
mpc_y,0,0.304296,1.3273,2.40289,3.62472,5.03032,6.61884,8.35394,10.147,11.8027,
mpc_x,4.35366,8.70575,12.9695,17.2236,21.4436,25.6123,29.7219,33.7795,37.8205,41.9288,
mpc_y,0,0.317493,1.29191,2.34965,3.57276,4.99182,6.60176,8.36374,10.1881,11.8804,
mpc_x,4.4443,8.88884,13.2488,17.5954,21.9053,26.1617,30.3573,34.4999,38.6253,42.8179,
mpc_y,0,0.294736,1.25429,2.31541,3.5541,4.9968,6.63555,8.42936,10.2869,12.0125,
mpc_x,4.53386,9.06979,13.5219,17.9524,22.342,26.6796,30.9635,35.2055,39.4393,43.7348,
mpc_y,0,0.268353,1.22568,2.32108,3.60611,5.08841,6.74728,8.53641,10.37,12.0798,
mpc_x,4.63684,9.2757,13.8248,18.3519,22.8387,27.2751,31.6606,36.0074,40.3487,44.7512,
mpc_y,0,0.272347,1.26825,2.40191,3.72159,5.23309,6.91476,8.72016,10.5646,12.2833,
mpc_x,4.72384,9.44932,14.0772,18.6843,23.2527,27.773,32.2456,36.6833,41.1187,45.6163,
mpc_y,0,0.28131,1.32368,2.49585,3.84648,5.38133,7.07866,8.89203,10.7371,12.4509,
mpc_x,4.82394,9.64888,14.3653,19.0642,23.7276,28.347,32.9235,37.4705,42.0201,46.6341,
mpc_y,0,0.294666,1.39867,2.61577,3.99796,5.55245,7.25787,9.0678,10.8978,12.5858,
mpc_x,4.90851,9.81728,14.6032,19.3835,24.1331,28.8367,33.4885,38.0982,42.7023,47.383,
mpc_y,0,0.309382,1.48642,2.72638,4.11505,5.68462,7.43008,9.31065,11.2307,12.9821,
mpc_x,5.00579,10.01,14.8882,19.7623,24.606,29.4036,34.1498,38.8552,43.558,48.3421,
mpc_y,0,0.340459,1.54936,2.81524,4.2289,5.82393,7.59468,9.49818,11.4344,13.1861,
mpc_x,5.088,10.1739,15.1311,20.0856,25.0104,29.8895,34.7181,39.5075,44.2971,49.1719,
mpc_y,0,0.351713,1.58303,2.86559,4.29437,5.90413,7.68868,9.60321,11.544,13.286,
mpc_x,5.16924,10.3367,15.3706,20.4052,25.4102,30.3667,35.2674,40.1228,44.9758,49.9224,
mpc_y,0,0.349567,1.6028,2.89398,4.33245,5.96212,7.78153,9.74548,11.7418,13.5197,
mpc_x,5.26057,10.519,15.6443,20.7697,25.8645,30.9101,35.8995,40.8441,45.7883,50.8297,
mpc_y,0,0.354996,1.61301,2.91228,4.3636,6.01028,7.84911,9.83218,11.843,13.6226,
mpc_x,5.31986,10.6358,15.8229,21.0089,26.1637,31.2692,36.319,41.3248,46.3313,51.4355,
mpc_y,0,0.361408,1.60796,2.90152,4.35139,5.99921,7.84018,9.82478,11.8346,13.6081,
mpc_x,5.36546,10.7268,15.9619,21.1958,26.3991,31.5543,36.6553,41.7146,46.7765,51.9361,
mpc_y,0,0.340077,1.57323,2.8545,4.29265,5.92826,7.75531,9.72296,11.7113,13.4572,
mpc_x,5.39529,10.7863,16.0547,21.3249,26.5658,31.7568,36.8886,41.9713,47.0507,52.2318,
mpc_y,0,0.343864,1.56735,2.82635,4.24158,5.86383,7.69439,9.68509,11.711,13.4876,
mpc_x,5.42015,10.8357,16.136,21.4357,26.7045,31.9226,37.0812,42.1905,47.2964,52.5028,
mpc_y,0,0.344238,1.53706,2.77771,4.18271,5.79977,7.62789,9.61738,11.6427,13.4203,
mpc_x,5.45231,10.9015,16.2412,21.5763,26.8773,32.1243,37.3088,42.4417,47.5705,52.8011,
mpc_y,0,0.324127,1.48441,2.71115,4.1174,5.74722,7.59615,9.61131,11.6642,13.4679,
mpc_x,5.47868,10.9541,16.3256,21.6895,27.0174,32.2903,37.5003,42.6584,47.8117,53.0645,
mpc_y,0,0.327266,1.46731,2.68894,4.09831,5.73524,7.59282,9.61725,11.6811,13.5028,
mpc_x,5.49317,10.9825,16.3708,21.7495,27.0914,32.3781,37.6022,42.775,47.9429,53.2083,
mpc_y,0,0.320115,1.4481,2.66719,4.07825,5.71789,7.57739,9.6025,11.6672,13.4952,
mpc_x,5.51332,11.0239,16.4331,21.8314,27.1921,32.4977,37.7411,42.9343,48.1233,53.4085,
mpc_y,0,0.310326,1.44033,2.66752,4.08884,5.73823,7.60542,9.63566,11.704,13.5382,
mpc_x,5.53665,11.0711,16.4995,21.9192,27.3038,32.6359,37.9092,43.1354,48.3595,53.6792,
mpc_y,0,0.309448,1.46562,2.70779,4.13395,5.77928,7.63477,9.64698,11.6924,13.5009,
mpc_x,5.5636,11.125,16.5778,22.0217,27.4303,32.7867,38.0849,43.3373,48.5889,53.9367,
mpc_y,0,0.314619,1.48548,2.74259,4.18315,5.8413,7.70707,9.72635,11.7753,13.5844,
mpc_x,5.60172,11.201,16.6918,22.1697,27.6111,33.0029,38.3432,43.6472,48.958,54.361,
mpc_y,0,0.326729,1.50271,2.78229,4.24775,5.92056,7.78156,9.77248,11.7737,13.5376,
mpc_x,5.63239,11.262,16.7788,22.2845,27.7559,33.1804,38.5569,43.9005,49.2536,54.6983,
mpc_y,0,0.330836,1.53139,2.82653,4.29867,5.96943,7.81984,9.79213,11.7678,13.5023,
mpc_x,5.66105,11.3191,16.8584,22.3901,27.891,33.3491,38.764,44.1509,49.5511,55.0429,
mpc_y,0,0.326966,1.55711,2.86531,4.33666,5.99414,7.81951,9.75548,11.6842,13.3628,
mpc_x,5.68698,11.3708,16.9329,22.4903,28.0202,33.511,38.9628,44.3909,49.8354,55.3708,
mpc_y,0,0.334371,1.58326,2.89654,4.36127,6.00139,7.79915,9.69764,11.5795,13.2037,
mpc_x,5.71794,11.4321,17.025,22.6157,28.1818,33.7129,39.2101,44.6888,50.1877,55.7757,
mpc_y,0,0.348855,1.60259,2.91102,4.3607,5.97447,7.73356,9.58058,11.3991,12.9531,
mpc_x,5.74579,11.4882,17.1085,22.7304,28.3316,33.9024,39.4439,44.9717,50.5226,56.161,
mpc_y,0,0.344805,1.60528,2.90396,4.33017,5.90817,7.61994,9.40849,11.1577,12.6325,
mpc_x,5.77486,11.5462,17.1982,22.8549,28.4946,34.1081,39.6971,45.2767,50.8816,56.5715,
mpc_y,0,0.348298,1.60232,2.88111,4.27522,5.80953,7.46641,9.18926,10.8628,12.2548,
mpc_x,5.81155,11.6204,17.3153,23.0181,28.7082,34.3771,40.0269,45.6721,51.345,57.0989,
mpc_y,0,0.346051,1.58217,2.82828,4.17574,5.64974,7.2329,8.86891,10.4435,11.7284,
mpc_x,5.84942,11.696,17.4348,23.1859,28.9262,34.6449,40.3408,46.0265,51.7357,57.5286,
mpc_y,0,0.35057,1.5645,2.76867,4.06905,5.50333,7.0635,8.69735,10.2849,11.5711,
mpc_x,5.89391,11.7859,17.5792,23.3847,29.1806,34.9568,40.7124,46.4597,52.231,58.0832,
mpc_y,0,0.345141,1.51923,2.68321,3.94176,5.3316,6.84396,8.42599,9.95712,11.1825,
mpc_x,5.95396,11.9083,17.7725,23.6488,29.5171,35.3676,41.2001,47.0264,52.8775,58.8061,
mpc_y,0,0.31851,1.44733,2.56563,3.77657,5.11566,6.57319,8.0954,9.56089,10.7147,
mpc_x,6.00816,12.0164,17.9477,23.8885,29.8212,35.7379,41.6388,47.5354,53.4565,59.4496,
mpc_y,0,0.324327,1.39312,2.46488,3.63341,4.92856,6.33754,7.806,9.21583,10.3236,
mpc_x,6.07248,12.148,18.1543,24.1699,30.1788,36.1737,42.1552,48.1344,54.138,60.2092,
mpc_y,0,0.285786,1.30493,2.32911,3.44834,4.69036,6.0414,7.44697,8.79004,9.83136,
mpc_x,6.13685,12.2765,18.3574,24.446,30.5281,36.5975,42.6546,48.7098,54.7877,60.9283,
mpc_y,0,0.29187,1.25401,2.23164,3.30745,4.50611,5.81323,7.17557,8.47978,9.49539,
mpc_x,6.21552,12.4357,18.6039,24.7791,30.9488,37.1073,43.2555,49.403,55.5727,61.8009,
mpc_y,0,0.257915,1.17157,2.10589,3.13855,4.29163,5.54968,6.85962,8.10994,9.07579,
mpc_x,6.28293,12.5703,18.8145,25.064,31.3081,37.5419,43.7663,49.9905,56.2354,62.5342,
mpc_y,0,0.263534,1.12256,2.01518,3.01054,4.12669,5.34691,6.61925,7.83671,8.78588,
